class3,T1_latest,Doubao_1.6_Thinking,Gemini_2.5_Pro,OpenAI_o3_azure,Qwen3_235b_a22b,Deepseek_R1
en,84.81012658227846,89.45147679324893,89.02953586497888,89.02953586497888,85.65400843881855,86.49789029535863
zh_cn,92.08333333333333,91.66666666666666,91.66666666666666,90.83333333333333,90.83333333333334,90.83333333333334
